url_path,views_total,views_unique
/AirbusDefenceAndSpace/vispa,23,11
/AirbusDefenceAndSpace/vispa/blob/github-repo-stats/AirbusDefenceAndSpace/vispa/latest-report/report.pdf,7,1
/AirbusDefenceAndSpace/vispa/tree/github-repo-stats,7,1
/AirbusDefenceAndSpace/vispa/tree/github-repo-stats/AirbusDefenceAndSpace/vispa,7,1
/AirbusDefenceAndSpace/vispa/tree/github-repo-stats/AirbusDefenceAndSpace/vispa/latest-report,7,1
/AirbusDefenceAndSpace/vispa/blob/main/images/ros_vispa.png,3,3
/AirbusDefenceAndSpace/vispa/tree/main/images,3,3
/AirbusDefenceAndSpace/vispa/blob/b422490ac5fb53d191a348cfffbc417b89cddd60/launch/display.launch.py,3,1
/AirbusDefenceAndSpace/vispa/blob/main/images/coppeliasim_vispa.png,1,1
/AirbusDefenceAndSpace/vispa/blob/main/launch/display.launch,1,1
